<?xml version='1.0' encoding='UTF-8' standalone='no'?>
<doxygen xmlns:xsi="http://www.w3.org/2001/XMLSchema-instance" xsi:noNamespaceSchemaLocation="compound.xsd" version="1.5.8">
  <compounddef id="dir_2799480fd166d3c7648edfe52fa3690b" kind="dir">
    <compoundname>.doxygen/module_multi_uart/src/</compoundname>
    <innerdir refid="dir_7f8561ad903bc2b7c8e12f4d52437f73">.doxygen/module_multi_uart/src/rx/</innerdir>
    <innerdir refid="dir_bb5e6024f6f3ff36fc46321a260fd720">.doxygen/module_multi_uart/src/tx/</innerdir>
    <innerfile refid="multi__uart__common_8h">multi_uart_common.h</innerfile>
    <innerfile refid="multi__uart__helper_8h">multi_uart_helper.h</innerfile>
    <innerfile refid="multi__uart__rxtx_8h">multi_uart_rxtx.h</innerfile>
    <briefdescription>
    </briefdescription>
    <detaileddescription>
    </detaileddescription>
    <location file="/scratch/dan/OSS/sc_multi_uart/doc/.doxygen/module_multi_uart/src/"/>
  </compounddef>
</doxygen>
