<?xml version='1.0' encoding='UTF-8' standalone='no'?>
<doxygen xmlns:xsi="http://www.w3.org/2001/XMLSchema-instance" xsi:noNamespaceSchemaLocation="compound.xsd" version="1.5.8">
  <compounddef id="dir_26e8ecbd0960699b7f033cbdcba612ae" kind="dir">
    <compoundname>.doxygen/module_multi_uart/</compoundname>
    <innerdir refid="dir_2799480fd166d3c7648edfe52fa3690b">.doxygen/module_multi_uart/src/</innerdir>
    <briefdescription>
    </briefdescription>
    <detaileddescription>
    </detaileddescription>
    <location file="/scratch/dan/OSS/sc_multi_uart/doc/.doxygen/module_multi_uart/"/>
  </compounddef>
</doxygen>
