<?xml version='1.0' encoding='UTF-8' standalone='no'?>
<doxygen xmlns:xsi="http://www.w3.org/2001/XMLSchema-instance" xsi:noNamespaceSchemaLocation="compound.xsd" version="1.5.8">
  <compounddef id="dir_7f8561ad903bc2b7c8e12f4d52437f73" kind="dir">
    <compoundname>.doxygen/module_multi_uart/src/rx/</compoundname>
    <innerfile refid="multi__uart__rx_8h">multi_uart_rx.h</innerfile>
    <briefdescription>
    </briefdescription>
    <detaileddescription>
    </detaileddescription>
    <location file="/scratch/dan/OSS/sc_multi_uart/doc/.doxygen/module_multi_uart/src/rx/"/>
  </compounddef>
</doxygen>
