<?xml version='1.0' encoding='UTF-8' standalone='no'?>
<doxygen xmlns:xsi="http://www.w3.org/2001/XMLSchema-instance" xsi:noNamespaceSchemaLocation="compound.xsd" version="1.5.8">
  <compounddef id="dir_648ea4705f1e03c55331184a3969fa32" kind="dir">
    <compoundname>.doxygen/</compoundname>
    <innerdir refid="dir_26e8ecbd0960699b7f033cbdcba612ae">.doxygen/module_multi_uart/</innerdir>
    <briefdescription>
    </briefdescription>
    <detaileddescription>
    </detaileddescription>
    <location file="/scratch/dan/OSS/sc_multi_uart/doc/.doxygen/"/>
  </compounddef>
</doxygen>
