<?xml version='1.0' encoding='UTF-8' standalone='no'?>
<doxygenindex xmlns:xsi="http://www.w3.org/2001/XMLSchema-instance" xsi:noNamespaceSchemaLocation="index.xsd" version="1.5.8">
  <compound refid="structSTRUCT__MULTI__UART__RX__CHANNEL" kind="struct"><name>STRUCT_MULTI_UART_RX_CHANNEL</name>
    <member refid="structSTRUCT__MULTI__UART__RX__CHANNEL_1b46ea6c450e5ffa595e49929d96099d8" kind="variable"><name>uart_char_len</name></member>
    <member refid="structSTRUCT__MULTI__UART__RX__CHANNEL_1a6cd3efc3fa9459c6b77aa91430c1f5b" kind="variable"><name>uart_word_len</name></member>
    <member refid="structSTRUCT__MULTI__UART__RX__CHANNEL_14daff05251a06240da1fa3573d680eb4" kind="variable"><name>clocks_per_bit</name></member>
    <member refid="structSTRUCT__MULTI__UART__RX__CHANNEL_10f1e6d677a13c7669fbd7a9021fbc4ba" kind="variable"><name>invert_output</name></member>
    <member refid="structSTRUCT__MULTI__UART__RX__CHANNEL_19a2ac15b8605197f77db5b0fa8e2b1da" kind="variable"><name>use_sample</name></member>
    <member refid="structSTRUCT__MULTI__UART__RX__CHANNEL_14ea9c6ec4f113fafbf069dee5651366b" kind="variable"><name>sb_mode</name></member>
    <member refid="structSTRUCT__MULTI__UART__RX__CHANNEL_1b702347dbbcde2f71b1f2792e1b1e684" kind="variable"><name>parity_mode</name></member>
    <member refid="structSTRUCT__MULTI__UART__RX__CHANNEL_199a5fc8882c5db877c964fefbefd0387" kind="variable"><name>polarity_mode</name></member>
  </compound>
  <compound refid="structSTRUCT__MULTI__UART__RX__PORTS" kind="struct"><name>STRUCT_MULTI_UART_RX_PORTS</name>
    <member refid="structSTRUCT__MULTI__UART__RX__PORTS_1f8be4052c5a0c6f44c621393ca052ddc" kind="variable"><name>port</name></member>
  </compound>
  <compound refid="structSTRUCT__MULTI__UART__TX__CHANNEL" kind="struct"><name>STRUCT_MULTI_UART_TX_CHANNEL</name>
    <member refid="structSTRUCT__MULTI__UART__TX__CHANNEL_197855ae9337574681ef639b0bb9d9f81" kind="variable"><name>uart_char_len</name></member>
    <member refid="structSTRUCT__MULTI__UART__TX__CHANNEL_1a59bf25f0c6138c2908a02c566eeef1c" kind="variable"><name>uart_word_len</name></member>
    <member refid="structSTRUCT__MULTI__UART__TX__CHANNEL_1a3ecebb2c3f4708eb6460361dcda904c" kind="variable"><name>clocks_per_bit</name></member>
    <member refid="structSTRUCT__MULTI__UART__TX__CHANNEL_1d65ed608b5e749a9f458448acfca7f87" kind="variable"><name>invert_output</name></member>
    <member refid="structSTRUCT__MULTI__UART__TX__CHANNEL_1953945bff6900eb27b489760bd069c0c" kind="variable"><name>sb_mode</name></member>
    <member refid="structSTRUCT__MULTI__UART__TX__CHANNEL_13085aa6bca4db90500042109a7902ced" kind="variable"><name>parity_mode</name></member>
    <member refid="structSTRUCT__MULTI__UART__TX__CHANNEL_1e4e9fb34515a730c2ac01ddb724a1565" kind="variable"><name>polarity_mode</name></member>
    <member refid="structSTRUCT__MULTI__UART__TX__CHANNEL_1755c0ee1e6363cffeec0f655b5a26a14" kind="variable"><name>wr_ptr</name></member>
    <member refid="structSTRUCT__MULTI__UART__TX__CHANNEL_1222d26ceeba6b8939da18db7a08fcf5e" kind="variable"><name>rd_ptr</name></member>
    <member refid="structSTRUCT__MULTI__UART__TX__CHANNEL_1dea9d1b712bfc6fb636e16a3af2e0fcf" kind="variable"><name>nelements</name></member>
    <member refid="structSTRUCT__MULTI__UART__TX__CHANNEL_1393fd2b23065013d20794980dc697d05" kind="variable"><name>buf</name></member>
  </compound>
  <compound refid="structSTRUCT__MULTI__UART__TX__PORTS" kind="struct"><name>STRUCT_MULTI_UART_TX_PORTS</name>
    <member refid="structSTRUCT__MULTI__UART__TX__PORTS_1bdeb9efaf5ccf64c3475168f9fcb890c" kind="variable"><name>port</name></member>
  </compound>
  <compound refid="multi__uart__common_8h" kind="file"><name>multi_uart_common.h</name>
    <member refid="multi__uart__common_8h_1833fb4d9bb3d50772d8bd2db807beaee" kind="define"><name>MULTI_UART_GO</name></member>
    <member refid="multi__uart__common_8h_1e9085c75849e7279a385a7e056553196" kind="enum"><name>ENUM_UART_CONFIG_PARITY</name></member>
    <member refid="multi__uart__common_8h_1e9085c75849e7279a385a7e05655319667372da54dac061cd9d8c3600b2c1e90" kind="enumvalue"><name>odd</name></member>
    <member refid="multi__uart__common_8h_1e9085c75849e7279a385a7e05655319643c532333cafbed64b6f286a9432a44e" kind="enumvalue"><name>even</name></member>
    <member refid="multi__uart__common_8h_1e9085c75849e7279a385a7e0565531961a4cbaae11bc6a17abc635e99435befa" kind="enumvalue"><name>mark</name></member>
    <member refid="multi__uart__common_8h_1e9085c75849e7279a385a7e056553196da1fec8e1a3870378ee50323bf5d338b" kind="enumvalue"><name>space</name></member>
    <member refid="multi__uart__common_8h_1e9085c75849e7279a385a7e056553196b7e4e0120a041dbe6528b050c04269e0" kind="enumvalue"><name>none</name></member>
    <member refid="multi__uart__common_8h_1a8edf488772773aa64a180e8da4ce2c0" kind="enum"><name>ENUM_UART_CONFIG_STOP_BITS</name></member>
    <member refid="multi__uart__common_8h_1a8edf488772773aa64a180e8da4ce2c0561a560ef47b82366c2ae7f36f8ab031" kind="enumvalue"><name>sb_1</name></member>
    <member refid="multi__uart__common_8h_1a8edf488772773aa64a180e8da4ce2c002cbb12106a41ecd88b4898a9277acff" kind="enumvalue"><name>sb_2</name></member>
    <member refid="multi__uart__common_8h_128fb9d89534c9288c4b484d964444808" kind="enum"><name>ENUM_UART_CONFIG_POLARITY</name></member>
    <member refid="multi__uart__common_8h_128fb9d89534c9288c4b484d964444808fabd251296c19f935601bed4e5cf8303" kind="enumvalue"><name>start_1</name></member>
    <member refid="multi__uart__common_8h_128fb9d89534c9288c4b484d96444480836cb6a1a9458b3f20b6df74929e97b34" kind="enumvalue"><name>start_0</name></member>
    <member refid="multi__uart__common_8h_152ca99b1d550bc4e113c5b8f283d9257" kind="typedef"><name>e_uart_config_parity</name></member>
    <member refid="multi__uart__common_8h_173324082c0fcf4aaa64b4d73190e9964" kind="typedef"><name>e_uart_config_stop_bits</name></member>
    <member refid="multi__uart__common_8h_1458b8ab09135fdc3c3997a3f7a67ff41" kind="typedef"><name>e_uart_config_polarity</name></member>
  </compound>
  <compound refid="multi__uart__helper_8h" kind="file"><name>multi_uart_helper.h</name>
    <member refid="multi__uart__helper_8h_182d5d9322666df6bc7dd244b2d5619a8" kind="define"><name>streaming_chanend</name></member>
    <member refid="multi__uart__helper_8h_19e97e7ed172f35f4a4f5605f605fefca" kind="function"><name>get_time</name></member>
    <member refid="multi__uart__helper_8h_16149e6c1b41c7f7705cf2c1055240bf3" kind="function"><name>wait_for</name></member>
    <member refid="multi__uart__helper_8h_171dd8edf3a5788a9cae4aeb02d4e191d" kind="function"><name>wait_until</name></member>
    <member refid="multi__uart__helper_8h_1b898cffcb645e539ce0ae0f769e8202d" kind="function"><name>send_streaming_int</name></member>
    <member refid="multi__uart__helper_8h_10a9f60a48d6209bba7b4013b10437e8d" kind="function"><name>get_streaming_uint</name></member>
    <member refid="multi__uart__helper_8h_197a590f652490f82fd574ab35e124d36" kind="function"><name>send_streaming_token</name></member>
    <member refid="multi__uart__helper_8h_14ea81404c134f66bb520d713e69fdcf7" kind="function"><name>get_streaming_token</name></member>
  </compound>
  <compound refid="multi__uart__rxtx_8h" kind="file"><name>multi_uart_rxtx.h</name>
    <member refid="multi__uart__rxtx_8h_1a1aa21c53db21e22d5ef8ed3eae14020" kind="function"><name>run_multi_uart_rxtx</name></member>
    <member refid="multi__uart__rxtx_8h_15b8b7302e63fc2177dbe9f47e8e5b35e" kind="function"><name>run_multi_uart_rxtx_int_clk</name></member>
  </compound>
  <compound refid="multi__uart__rx_8h" kind="file"><name>multi_uart_rx.h</name>
    <member refid="multi__uart__rx_8h_11dbd3674e047ef85ca91c8b166b89c9c" kind="define"><name>UART_RX_STOP</name></member>
    <member refid="multi__uart__rx_8h_1222bf8f99c91ee1eea4951063f243a84" kind="define"><name>UART_RX_GO</name></member>
    <member refid="multi__uart__rx_8h_1b100c39de311a12a69d90fb7526057a2" kind="typedef"><name>s_multi_uart_rx_ports</name></member>
    <member refid="multi__uart__rx_8h_1d2955e95899aaf54768b2e6628213a59" kind="typedef"><name>s_multi_uart_rx_channel</name></member>
    <member refid="multi__uart__rx_8h_1ce968e7c49c6ad395c5e38c82def00d0" kind="function"><name>uart_rx_initialise_channel</name></member>
    <member refid="multi__uart__rx_8h_13e92b6e7704b159798b94a6f8f5fb90a" kind="function"><name>uart_rx_validate_char</name></member>
    <member refid="multi__uart__rx_8h_1708adc889bc7ddd01b349d530f43da98" kind="function"><name>uart_rx_grab_char</name></member>
    <member refid="multi__uart__rx_8h_1a932f9070b2b4c747c30fd31e1f37ce7" kind="function"><name>run_multi_uart_rx</name></member>
    <member refid="multi__uart__rx_8h_107ceddccd039b352b3be1a1bd84e2366" kind="function"><name>uart_rx_reconf_pause</name></member>
    <member refid="multi__uart__rx_8h_12b3234597dcba55d0b35290c8a32a2b2" kind="function"><name>uart_rx_reconf_enable</name></member>
  </compound>
  <compound refid="multi__uart__tx_8h" kind="file"><name>multi_uart_tx.h</name>
    <member refid="multi__uart__tx_8h_178be812e84b1e3328880e8f125174fd5" kind="typedef"><name>s_multi_uart_tx_ports</name></member>
    <member refid="multi__uart__tx_8h_1420cda1714538b80939ce4e70085c5d0" kind="typedef"><name>s_multi_uart_tx_channel</name></member>
    <member refid="multi__uart__tx_8h_12ea247b50cfe66a68a4425fa75af4930" kind="function"><name>uart_tx_initialise_channel</name></member>
    <member refid="multi__uart__tx_8h_1cae2590d779a575327ba968ae3f1a99c" kind="function"><name>uart_tx_assemble_word</name></member>
    <member refid="multi__uart__tx_8h_1967e298846e7de20a3deb8aa74da8cfa" kind="function"><name>uart_tx_put_char</name></member>
    <member refid="multi__uart__tx_8h_1cce389f475ef364aeb6ac5dd194d1809" kind="function"><name>run_multi_uart_tx</name></member>
    <member refid="multi__uart__tx_8h_11a5885fc8cbc6e9fa3834e4537735386" kind="function"><name>uart_tx_reconf_pause</name></member>
    <member refid="multi__uart__tx_8h_1d679bac7603c2899abdfb8ac32185226" kind="function"><name>uart_tx_reconf_enable</name></member>
  </compound>
  <compound refid="dir_648ea4705f1e03c55331184a3969fa32" kind="dir"><name>.doxygen/</name>
  </compound>
  <compound refid="dir_26e8ecbd0960699b7f033cbdcba612ae" kind="dir"><name>.doxygen/module_multi_uart/</name>
  </compound>
  <compound refid="dir_7f8561ad903bc2b7c8e12f4d52437f73" kind="dir"><name>.doxygen/module_multi_uart/src/rx/</name>
  </compound>
  <compound refid="dir_2799480fd166d3c7648edfe52fa3690b" kind="dir"><name>.doxygen/module_multi_uart/src/</name>
  </compound>
  <compound refid="dir_bb5e6024f6f3ff36fc46321a260fd720" kind="dir"><name>.doxygen/module_multi_uart/src/tx/</name>
  </compound>
</doxygenindex>
