<?xml version='1.0' encoding='UTF-8' standalone='no'?>
<doxygen xmlns:xsi="http://www.w3.org/2001/XMLSchema-instance" xsi:noNamespaceSchemaLocation="compound.xsd" version="1.5.8">
  <compounddef id="multi__uart__rxtx_8h" kind="file">
    <compoundname>multi_uart_rxtx.h</compoundname>
    <includes refid="multi__uart__tx_8h" local="yes">multi_uart_tx.h</includes>
    <includes refid="multi__uart__rx_8h" local="yes">multi_uart_rx.h</includes>
    <incdepgraph>
      <node id="10">
        <label>xs1.h</label>
      </node>
      <node id="12">
        <label>xclib.h</label>
      </node>
      <node id="9">
        <label>multi_uart_tx.h</label>
        <link refid="multi__uart__tx_8h"/>
        <childnode refid="10" relation="include">
        </childnode>
        <childnode refid="11" relation="include">
        </childnode>
        <childnode refid="12" relation="include">
        </childnode>
        <childnode refid="13" relation="include">
        </childnode>
      </node>
      <node id="13">
        <label>multi_uart_common.h</label>
        <link refid="multi__uart__common_8h"/>
      </node>
      <node id="14">
        <label>multi_uart_rx.h</label>
        <link refid="multi__uart__rx_8h"/>
        <childnode refid="10" relation="include">
        </childnode>
        <childnode refid="11" relation="include">
        </childnode>
        <childnode refid="12" relation="include">
        </childnode>
        <childnode refid="13" relation="include">
        </childnode>
      </node>
      <node id="11">
        <label>xccompat.h</label>
      </node>
      <node id="8">
        <label>.doxygen/module_multi_uart/src/multi_uart_rxtx.h</label>
        <link refid="multi_uart_rxtx.h"/>
        <childnode refid="9" relation="include">
        </childnode>
        <childnode refid="14" relation="include">
        </childnode>
      </node>
    </incdepgraph>
      <sectiondef kind="func">
      <memberdef kind="function" id="multi__uart__rxtx_8h_1a1aa21c53db21e22d5ef8ed3eae14020" prot="public" static="no" const="no" explicit="no" inline="no" virt="non-virtual">
        <type>void</type>
        <definition>void run_multi_uart_rxtx</definition>
        <argsstring>(streaming chanend cTxUart, REFERENCE_PARAM(s_multi_uart_tx_ports, uart_tx_ports), streaming chanend cRxUart, REFERENCE_PARAM(s_multi_uart_rx_ports, uart_rx_ports), clock uart_clock_rx, in port uart_ext_clk_pin, clock uart_clock_tx)</argsstring>
        <name>run_multi_uart_rxtx</name>
        <param>
          <type>streaming chanend</type>
          <declname>cTxUart</declname>
        </param>
        <param>
          <type>REFERENCE_PARAM(<ref refid="structSTRUCT__MULTI__UART__TX__PORTS" kindref="compound">s_multi_uart_tx_ports</ref>, uart_tx_ports)</type>
        </param>
        <param>
          <type>streaming chanend</type>
          <declname>cRxUart</declname>
        </param>
        <param>
          <type>REFERENCE_PARAM(<ref refid="structSTRUCT__MULTI__UART__RX__PORTS" kindref="compound">s_multi_uart_rx_ports</ref>, uart_rx_ports)</type>
        </param>
        <param>
          <type>clock</type>
          <declname>uart_clock_rx</declname>
        </param>
        <param>
          <type>in port</type>
          <declname>uart_ext_clk_pin</declname>
        </param>
        <param>
          <type>clock</type>
          <declname>uart_clock_tx</declname>
        </param>
        <briefdescription>
<para>Configure and run the Multi-UART TX &amp; RX server threads using an external clock for TX. </para>        </briefdescription>
        <detaileddescription>
<para><parameterlist kind="param"><parameteritem>
<parameternamelist>
<parametername>cTxUart</parametername>
</parameternamelist>
<parameterdescription>
<para>TX Server Channel </para></parameterdescription>
</parameteritem>
<parameteritem>
<parameternamelist>
<parametername>uart_tx_ports</parametername>
</parameternamelist>
<parameterdescription>
<para>TX Ports structure (reference parameter) </para></parameterdescription>
</parameteritem>
<parameteritem>
<parameternamelist>
<parametername>cRxUart</parametername>
</parameternamelist>
<parameterdescription>
<para>RX Server Channel </para></parameterdescription>
</parameteritem>
<parameteritem>
<parameternamelist>
<parametername>uart_rx_ports</parametername>
</parameternamelist>
<parameterdescription>
<para>RX Ports structure (reference parameter) </para></parameterdescription>
</parameteritem>
<parameteritem>
<parameternamelist>
<parametername>uart_clock_rx</parametername>
</parameternamelist>
<parameterdescription>
<para>Clock block to run the RX port from </para></parameterdescription>
</parameteritem>
<parameteritem>
<parameternamelist>
<parametername>uart_ext_clk_pin</parametername>
</parameternamelist>
<parameterdescription>
<para>External clock reference input pin </para></parameterdescription>
</parameteritem>
<parameteritem>
<parameternamelist>
<parametername>uart_clock_tx</parametername>
</parameternamelist>
<parameterdescription>
<para>Clock block to run the TX port from </para></parameterdescription>
</parameteritem>
</parameterlist>
</para>        </detaileddescription>
        <inbodydescription>
        </inbodydescription>
        <location file="/scratch/dan/OSS/sc_multi_uart/doc/.doxygen/module_multi_uart/src/multi_uart_rxtx.h" line="18"/>
      </memberdef>
      <memberdef kind="function" id="multi__uart__rxtx_8h_15b8b7302e63fc2177dbe9f47e8e5b35e" prot="public" static="no" const="no" explicit="no" inline="no" virt="non-virtual">
        <type>void</type>
        <definition>void run_multi_uart_rxtx_int_clk</definition>
        <argsstring>(streaming chanend cTxUart, REFERENCE_PARAM(s_multi_uart_tx_ports, uart_tx_ports), streaming chanend cRxUart, REFERENCE_PARAM(s_multi_uart_rx_ports, uart_rx_ports), clock uart_clock_rx, clock uart_clock_tx)</argsstring>
        <name>run_multi_uart_rxtx_int_clk</name>
        <param>
          <type>streaming chanend</type>
          <declname>cTxUart</declname>
        </param>
        <param>
          <type>REFERENCE_PARAM(<ref refid="structSTRUCT__MULTI__UART__TX__PORTS" kindref="compound">s_multi_uart_tx_ports</ref>, uart_tx_ports)</type>
        </param>
        <param>
          <type>streaming chanend</type>
          <declname>cRxUart</declname>
        </param>
        <param>
          <type>REFERENCE_PARAM(<ref refid="structSTRUCT__MULTI__UART__RX__PORTS" kindref="compound">s_multi_uart_rx_ports</ref>, uart_rx_ports)</type>
        </param>
        <param>
          <type>clock</type>
          <declname>uart_clock_rx</declname>
        </param>
        <param>
          <type>clock</type>
          <declname>uart_clock_tx</declname>
        </param>
        <briefdescription>
<para>Configure and run the Multi-UART TX &amp; RX server threads using internal clocks for TX &amp; RX. </para>        </briefdescription>
        <detaileddescription>
<para><parameterlist kind="param"><parameteritem>
<parameternamelist>
<parametername>cTxUart</parametername>
</parameternamelist>
<parameterdescription>
<para>TX Server Channel </para></parameterdescription>
</parameteritem>
<parameteritem>
<parameternamelist>
<parametername>uart_tx_ports</parametername>
</parameternamelist>
<parameterdescription>
<para>TX Ports structure </para></parameterdescription>
</parameteritem>
<parameteritem>
<parameternamelist>
<parametername>cRxUart</parametername>
</parameternamelist>
<parameterdescription>
<para>RX Server Channel </para></parameterdescription>
</parameteritem>
<parameteritem>
<parameternamelist>
<parametername>uart_rx_ports</parametername>
</parameternamelist>
<parameterdescription>
<para>RX Ports structure </para></parameterdescription>
</parameteritem>
<parameteritem>
<parameternamelist>
<parametername>uart_clock_rx</parametername>
</parameternamelist>
<parameterdescription>
<para>Clock block to run the RX port from </para></parameterdescription>
</parameteritem>
<parameteritem>
<parameternamelist>
<parametername>uart_clock_tx</parametername>
</parameternamelist>
<parameterdescription>
<para>Clock block to run the TX port from </para></parameterdescription>
</parameteritem>
</parameterlist>
</para>        </detaileddescription>
        <inbodydescription>
        </inbodydescription>
        <location file="/scratch/dan/OSS/sc_multi_uart/doc/.doxygen/module_multi_uart/src/multi_uart_rxtx.h" line="33"/>
      </memberdef>
      </sectiondef>
    <briefdescription>
    </briefdescription>
    <detaileddescription>
    </detaileddescription>
    <programlisting>
<codeline lineno="1"><highlight class="preprocessor">#ifndef<sp/>__MULTI_UART_RXTX_H__</highlight></codeline>
<codeline lineno="2"><highlight class="preprocessor"></highlight><highlight class="preprocessor">#define<sp/>__MULTI_UART_RXTX_H__</highlight></codeline>
<codeline lineno="3"><highlight class="preprocessor"></highlight><highlight class="normal"></highlight></codeline>
<codeline lineno="4"><highlight class="normal"></highlight><highlight class="preprocessor">#include<sp/>&quot;<ref refid="multi__uart__tx_8h" kindref="compound">multi_uart_tx.h</ref>&quot;</highlight><highlight class="normal"></highlight></codeline>
<codeline lineno="5"><highlight class="normal"></highlight><highlight class="preprocessor">#include<sp/>&quot;<ref refid="multi__uart__rx_8h" kindref="compound">multi_uart_rx.h</ref>&quot;</highlight><highlight class="normal"></highlight></codeline>
<codeline lineno="6"><highlight class="normal"></highlight></codeline>
<codeline lineno="17"><highlight class="preprocessor">#ifdef<sp/>__XC__</highlight></codeline>
<codeline lineno="18"><highlight class="preprocessor"></highlight><highlight class="keywordtype">void</highlight><highlight class="normal"><sp/><ref refid="multi__uart__rxtx_8h_1a1aa21c53db21e22d5ef8ed3eae14020" kindref="member" tooltip="Configure and run the Multi-UART TX &amp;amp; RX server threads using an external clock...">run_multi_uart_rxtx</ref>(<sp/>streaming<sp/>chanend<sp/>cTxUart,<sp/>REFERENCE_PARAM(<ref refid="structSTRUCT__MULTI__UART__TX__PORTS" kindref="compound" tooltip="Structure used to hold ports - used to enable extensibility in the future.">s_multi_uart_tx_ports</ref>,<sp/>uart_tx_ports),<sp/>streaming<sp/>chanend<sp/>cRxUart,<sp/>REFERENCE_PARAM(<ref refid="structSTRUCT__MULTI__UART__RX__PORTS" kindref="compound" tooltip="Structure used to hold ports - used to enable extensibility in the future.">s_multi_uart_rx_ports</ref>,<sp/>uart_rx_ports),<sp/>clock<sp/>uart_clock_rx,<sp/>in<sp/>port<sp/>uart_ext_clk_pin,<sp/>clock<sp/>uart_clock_tx);</highlight></codeline>
<codeline lineno="19"><highlight class="normal"></highlight><highlight class="preprocessor">#else</highlight></codeline>
<codeline lineno="20"><highlight class="preprocessor"></highlight><highlight class="keywordtype">void</highlight><highlight class="normal"><sp/><ref refid="multi__uart__rxtx_8h_1a1aa21c53db21e22d5ef8ed3eae14020" kindref="member" tooltip="Configure and run the Multi-UART TX &amp;amp; RX server threads using an external clock...">run_multi_uart_rxtx</ref>(<sp/>streaming<sp/>chanend<sp/>cTxUart,<sp/>REFERENCE_PARAM(<ref refid="structSTRUCT__MULTI__UART__TX__PORTS" kindref="compound" tooltip="Structure used to hold ports - used to enable extensibility in the future.">s_multi_uart_tx_ports</ref>,<sp/>uart_tx_ports),<sp/>streaming<sp/>chanend<sp/>cRxUart,<sp/>REFERENCE_PARAM(<ref refid="structSTRUCT__MULTI__UART__RX__PORTS" kindref="compound" tooltip="Structure used to hold ports - used to enable extensibility in the future.">s_multi_uart_rx_ports</ref>,<sp/>uart_rx_ports),<sp/>clock<sp/>uart_clock_rx,<sp/></highlight><highlight class="keywordtype">unsigned</highlight><highlight class="normal"><sp/>uart_ext_clk_pin,<sp/>clock<sp/>uart_clock_tx);</highlight></codeline>
<codeline lineno="21"><highlight class="normal"></highlight><highlight class="preprocessor">#endif</highlight></codeline>
<codeline lineno="22"><highlight class="preprocessor"></highlight></codeline>
<codeline lineno="32"><highlight class="preprocessor">#ifdef<sp/>__XC__</highlight></codeline>
<codeline lineno="33"><highlight class="preprocessor"></highlight><highlight class="keywordtype">void</highlight><highlight class="normal"><sp/><ref refid="multi__uart__rxtx_8h_15b8b7302e63fc2177dbe9f47e8e5b35e" kindref="member" tooltip="Configure and run the Multi-UART TX &amp;amp; RX server threads using internal clocks...">run_multi_uart_rxtx_int_clk</ref>(<sp/>streaming<sp/>chanend<sp/>cTxUart,<sp/>REFERENCE_PARAM(<ref refid="structSTRUCT__MULTI__UART__TX__PORTS" kindref="compound" tooltip="Structure used to hold ports - used to enable extensibility in the future.">s_multi_uart_tx_ports</ref>,<sp/>uart_tx_ports),<sp/>streaming<sp/>chanend<sp/>cRxUart,<sp/>REFERENCE_PARAM(<ref refid="structSTRUCT__MULTI__UART__RX__PORTS" kindref="compound" tooltip="Structure used to hold ports - used to enable extensibility in the future.">s_multi_uart_rx_ports</ref>,<sp/>uart_rx_ports),<sp/>clock<sp/>uart_clock_rx,<sp/>clock<sp/>uart_clock_tx);</highlight></codeline>
<codeline lineno="34"><highlight class="normal"></highlight><highlight class="preprocessor">#else</highlight></codeline>
<codeline lineno="35"><highlight class="preprocessor"></highlight><highlight class="keywordtype">void</highlight><highlight class="normal"><sp/><ref refid="multi__uart__rxtx_8h_15b8b7302e63fc2177dbe9f47e8e5b35e" kindref="member" tooltip="Configure and run the Multi-UART TX &amp;amp; RX server threads using internal clocks...">run_multi_uart_rxtx_int_clk</ref>(<sp/>streaming<sp/>chanend<sp/>cTxUart,<sp/>REFERENCE_PARAM(<ref refid="structSTRUCT__MULTI__UART__TX__PORTS" kindref="compound" tooltip="Structure used to hold ports - used to enable extensibility in the future.">s_multi_uart_tx_ports</ref>,<sp/>uart_tx_ports),<sp/>streaming<sp/>chanend<sp/>cRxUart,<sp/>REFERENCE_PARAM(<ref refid="structSTRUCT__MULTI__UART__RX__PORTS" kindref="compound" tooltip="Structure used to hold ports - used to enable extensibility in the future.">s_multi_uart_rx_ports</ref>,<sp/>uart_rx_ports),<sp/>clock<sp/>uart_clock_rx,<sp/>clock<sp/>uart_clock_tx);</highlight></codeline>
<codeline lineno="36"><highlight class="normal"></highlight><highlight class="preprocessor">#endif</highlight></codeline>
<codeline lineno="37"><highlight class="preprocessor"></highlight><highlight class="normal"></highlight></codeline>
<codeline lineno="38"><highlight class="normal"></highlight><highlight class="preprocessor">#endif<sp/></highlight><highlight class="comment">/*<sp/>__MULTI_UART_RXTX_H__<sp/>*/</highlight><highlight class="normal"></highlight></codeline>
    </programlisting>
    <location file="/scratch/dan/OSS/sc_multi_uart/doc/.doxygen/module_multi_uart/src/multi_uart_rxtx.h"/>
  </compounddef>
</doxygen>
