<?xml version='1.0' encoding='UTF-8' standalone='no'?>
<doxygen xmlns:xsi="http://www.w3.org/2001/XMLSchema-instance" xsi:noNamespaceSchemaLocation="compound.xsd" version="1.5.8">
  <compounddef id="multi__uart__common_8h" kind="file">
    <compoundname>multi_uart_common.h</compoundname>
    <includedby refid="multi__uart__rx_8h" local="yes">.doxygen/module_multi_uart/src/rx/multi_uart_rx.h</includedby>
    <includedby refid="multi__uart__tx_8h" local="yes">.doxygen/module_multi_uart/src/tx/multi_uart_tx.h</includedby>
    <invincdepgraph>
      <node id="4">
        <label>.doxygen/module_multi_uart/src/tx/multi_uart_tx.h</label>
        <link refid="multi__uart__tx_8h"/>
        <childnode refid="3" relation="include">
        </childnode>
      </node>
      <node id="1">
        <label>.doxygen/module_multi_uart/src/multi_uart_common.h</label>
        <link refid="multi_uart_common.h"/>
        <childnode refid="2" relation="include">
        </childnode>
        <childnode refid="4" relation="include">
        </childnode>
      </node>
      <node id="2">
        <label>.doxygen/module_multi_uart/src/rx/multi_uart_rx.h</label>
        <link refid="multi__uart__rx_8h"/>
        <childnode refid="3" relation="include">
        </childnode>
      </node>
      <node id="3">
        <label>.doxygen/module_multi_uart/src/multi_uart_rxtx.h</label>
        <link refid="multi__uart__rxtx_8h"/>
      </node>
    </invincdepgraph>
      <sectiondef kind="define">
      <memberdef kind="define" id="multi__uart__common_8h_1833fb4d9bb3d50772d8bd2db807beaee" prot="public" static="no">
        <name>MULTI_UART_GO</name>
        <initializer>0xFE</initializer>
        <briefdescription>
        </briefdescription>
        <detaileddescription>
        </detaileddescription>
        <inbodydescription>
        </inbodydescription>
        <location file="/scratch/dan/OSS/sc_multi_uart/doc/.doxygen/module_multi_uart/src/multi_uart_common.h" line="5" bodyfile="/scratch/dan/OSS/sc_multi_uart/doc/.doxygen/module_multi_uart/src/multi_uart_common.h" bodystart="5" bodyend="-1"/>
      </memberdef>
      </sectiondef>
      <sectiondef kind="enum">
      <memberdef kind="enum" id="multi__uart__common_8h_1e9085c75849e7279a385a7e056553196" prot="public" static="no">
        <name>ENUM_UART_CONFIG_PARITY</name>
        <enumvalue id="multi__uart__common_8h_1e9085c75849e7279a385a7e05655319667372da54dac061cd9d8c3600b2c1e90" prot="public">
          <name>odd</name>
          <initializer> 0x1</initializer>
          <briefdescription>
<para>Odd parity. </para>          </briefdescription>
          <detaileddescription>
          </detaileddescription>
        </enumvalue>
        <enumvalue id="multi__uart__common_8h_1e9085c75849e7279a385a7e05655319643c532333cafbed64b6f286a9432a44e" prot="public">
          <name>even</name>
          <initializer> 0x2</initializer>
          <briefdescription>
<para>Even parity. </para>          </briefdescription>
          <detaileddescription>
          </detaileddescription>
        </enumvalue>
        <enumvalue id="multi__uart__common_8h_1e9085c75849e7279a385a7e0565531961a4cbaae11bc6a17abc635e99435befa" prot="public">
          <name>mark</name>
          <initializer> 0x3</initializer>
          <briefdescription>
<para>Mark (always 1) parity bit. </para>          </briefdescription>
          <detaileddescription>
          </detaileddescription>
        </enumvalue>
        <enumvalue id="multi__uart__common_8h_1e9085c75849e7279a385a7e056553196da1fec8e1a3870378ee50323bf5d338b" prot="public">
          <name>space</name>
          <initializer> 0x4</initializer>
          <briefdescription>
<para>Space (always 0) parity bit. </para>          </briefdescription>
          <detaileddescription>
          </detaileddescription>
        </enumvalue>
        <enumvalue id="multi__uart__common_8h_1e9085c75849e7279a385a7e056553196b7e4e0120a041dbe6528b050c04269e0" prot="public">
          <name>none</name>
          <initializer> 0x0</initializer>
          <briefdescription>
<para>No parity bit. </para>          </briefdescription>
          <detaileddescription>
          </detaileddescription>
        </enumvalue>
        <briefdescription>
<para>Define the parity configuration. </para>        </briefdescription>
        <detaileddescription>
        </detaileddescription>
        <inbodydescription>
        </inbodydescription>
        <location file="/scratch/dan/OSS/sc_multi_uart/doc/.doxygen/module_multi_uart/src/multi_uart_common.h" line="11" bodyfile="/scratch/dan/OSS/sc_multi_uart/doc/.doxygen/module_multi_uart/src/multi_uart_common.h" bodystart="10" bodyend="17"/>
      </memberdef>
      <memberdef kind="enum" id="multi__uart__common_8h_1a8edf488772773aa64a180e8da4ce2c0" prot="public" static="no">
        <name>ENUM_UART_CONFIG_STOP_BITS</name>
        <enumvalue id="multi__uart__common_8h_1a8edf488772773aa64a180e8da4ce2c0561a560ef47b82366c2ae7f36f8ab031" prot="public">
          <name>sb_1</name>
          <briefdescription>
<para>Single stop bit. </para>          </briefdescription>
          <detaileddescription>
          </detaileddescription>
        </enumvalue>
        <enumvalue id="multi__uart__common_8h_1a8edf488772773aa64a180e8da4ce2c002cbb12106a41ecd88b4898a9277acff" prot="public">
          <name>sb_2</name>
          <briefdescription>
<para>Two stop bits. </para>          </briefdescription>
          <detaileddescription>
          </detaileddescription>
        </enumvalue>
        <briefdescription>
<para>Configure the number of stop bits. </para>        </briefdescription>
        <detaileddescription>
        </detaileddescription>
        <inbodydescription>
        </inbodydescription>
        <location file="/scratch/dan/OSS/sc_multi_uart/doc/.doxygen/module_multi_uart/src/multi_uart_common.h" line="23" bodyfile="/scratch/dan/OSS/sc_multi_uart/doc/.doxygen/module_multi_uart/src/multi_uart_common.h" bodystart="22" bodyend="26"/>
      </memberdef>
      <memberdef kind="enum" id="multi__uart__common_8h_128fb9d89534c9288c4b484d964444808" prot="public" static="no">
        <name>ENUM_UART_CONFIG_POLARITY</name>
        <enumvalue id="multi__uart__common_8h_128fb9d89534c9288c4b484d964444808fabd251296c19f935601bed4e5cf8303" prot="public">
          <name>start_1</name>
          <initializer> 1</initializer>
          <briefdescription>
<para>Start bit is a 1, implies stop bit/idle is a 0. </para>          </briefdescription>
          <detaileddescription>
          </detaileddescription>
        </enumvalue>
        <enumvalue id="multi__uart__common_8h_128fb9d89534c9288c4b484d96444480836cb6a1a9458b3f20b6df74929e97b34" prot="public">
          <name>start_0</name>
          <initializer> 0</initializer>
          <briefdescription>
<para>Start bit is a 0, implies stop bit/idle is a 1. </para>          </briefdescription>
          <detaileddescription>
          </detaileddescription>
        </enumvalue>
        <briefdescription>
<para>Start bit polarity configuration (currently unused). </para>        </briefdescription>
        <detaileddescription>
        </detaileddescription>
        <inbodydescription>
        </inbodydescription>
        <location file="/scratch/dan/OSS/sc_multi_uart/doc/.doxygen/module_multi_uart/src/multi_uart_common.h" line="32" bodyfile="/scratch/dan/OSS/sc_multi_uart/doc/.doxygen/module_multi_uart/src/multi_uart_common.h" bodystart="31" bodyend="35"/>
      </memberdef>
      </sectiondef>
      <sectiondef kind="typedef">
      <memberdef kind="typedef" id="multi__uart__common_8h_152ca99b1d550bc4e113c5b8f283d9257" prot="public" static="no">
        <type>enum <ref refid="multi__uart__common_8h_1e9085c75849e7279a385a7e056553196" kindref="member">ENUM_UART_CONFIG_PARITY</ref></type>
        <definition>typedef enum ENUM_UART_CONFIG_PARITY  e_uart_config_parity</definition>
        <argsstring></argsstring>
        <name>e_uart_config_parity</name>
        <briefdescription>
<para>Define the parity configuration. </para>        </briefdescription>
        <detaileddescription>
        </detaileddescription>
        <inbodydescription>
        </inbodydescription>
        <location file="/scratch/dan/OSS/sc_multi_uart/doc/.doxygen/module_multi_uart/src/multi_uart_common.h" line="17"/>
      </memberdef>
      <memberdef kind="typedef" id="multi__uart__common_8h_173324082c0fcf4aaa64b4d73190e9964" prot="public" static="no">
        <type>enum <ref refid="multi__uart__common_8h_1a8edf488772773aa64a180e8da4ce2c0" kindref="member">ENUM_UART_CONFIG_STOP_BITS</ref></type>
        <definition>typedef enum ENUM_UART_CONFIG_STOP_BITS  e_uart_config_stop_bits</definition>
        <argsstring></argsstring>
        <name>e_uart_config_stop_bits</name>
        <briefdescription>
<para>Configure the number of stop bits. </para>        </briefdescription>
        <detaileddescription>
        </detaileddescription>
        <inbodydescription>
        </inbodydescription>
        <location file="/scratch/dan/OSS/sc_multi_uart/doc/.doxygen/module_multi_uart/src/multi_uart_common.h" line="26"/>
      </memberdef>
      <memberdef kind="typedef" id="multi__uart__common_8h_1458b8ab09135fdc3c3997a3f7a67ff41" prot="public" static="no">
        <type>enum <ref refid="multi__uart__common_8h_128fb9d89534c9288c4b484d964444808" kindref="member">ENUM_UART_CONFIG_POLARITY</ref></type>
        <definition>typedef enum ENUM_UART_CONFIG_POLARITY  e_uart_config_polarity</definition>
        <argsstring></argsstring>
        <name>e_uart_config_polarity</name>
        <briefdescription>
<para>Start bit polarity configuration (currently unused). </para>        </briefdescription>
        <detaileddescription>
        </detaileddescription>
        <inbodydescription>
        </inbodydescription>
        <location file="/scratch/dan/OSS/sc_multi_uart/doc/.doxygen/module_multi_uart/src/multi_uart_common.h" line="35"/>
      </memberdef>
      </sectiondef>
    <briefdescription>
    </briefdescription>
    <detaileddescription>
    </detaileddescription>
    <programlisting>
<codeline lineno="1"><highlight class="preprocessor">#ifndef<sp/>__MULTI_UART_COMMON_H__</highlight></codeline>
<codeline lineno="2"><highlight class="preprocessor"></highlight><highlight class="preprocessor">#define<sp/>__MULTI_UART_COMMON_H__</highlight></codeline>
<codeline lineno="3"><highlight class="preprocessor"></highlight><highlight class="normal"></highlight></codeline>
<codeline lineno="4"><highlight class="normal"></highlight><highlight class="comment">/*<sp/>define<sp/>channel<sp/>commands<sp/>*/</highlight><highlight class="normal"></highlight></codeline>
<codeline lineno="5" refid="multi__uart__common_8h_1833fb4d9bb3d50772d8bd2db807beaee" refkind="member"><highlight class="normal"></highlight><highlight class="preprocessor">#define<sp/>MULTI_UART_GO<sp/>0xFE</highlight></codeline>
<codeline lineno="6"><highlight class="preprocessor"></highlight></codeline>
<codeline lineno="10" refid="multi__uart__common_8h_1e9085c75849e7279a385a7e056553196" refkind="member"><highlight class="keyword">typedef</highlight><highlight class="normal"><sp/></highlight><highlight class="keyword">enum</highlight><highlight class="normal"><sp/><ref refid="multi__uart__common_8h_1e9085c75849e7279a385a7e056553196" kindref="member" tooltip="Define the parity configuration.">ENUM_UART_CONFIG_PARITY</ref></highlight></codeline>
<codeline lineno="11"><highlight class="normal">{</highlight></codeline>
<codeline lineno="12" refid="multi__uart__common_8h_1e9085c75849e7279a385a7e05655319667372da54dac061cd9d8c3600b2c1e90" refkind="member"><highlight class="normal"><sp/><sp/><sp/><sp/><ref refid="multi__uart__common_8h_1e9085c75849e7279a385a7e05655319667372da54dac061cd9d8c3600b2c1e90" kindref="member" tooltip="Odd parity.">odd</ref><sp/>=<sp/>0x1,<sp/></highlight></codeline>
<codeline lineno="13" refid="multi__uart__common_8h_1e9085c75849e7279a385a7e05655319643c532333cafbed64b6f286a9432a44e" refkind="member"><highlight class="normal"><sp/><sp/><sp/><sp/><ref refid="multi__uart__common_8h_1e9085c75849e7279a385a7e05655319643c532333cafbed64b6f286a9432a44e" kindref="member" tooltip="Even parity.">even</ref><sp/>=<sp/>0x2,<sp/></highlight></codeline>
<codeline lineno="14" refid="multi__uart__common_8h_1e9085c75849e7279a385a7e0565531961a4cbaae11bc6a17abc635e99435befa" refkind="member"><highlight class="normal"><sp/><sp/><sp/><sp/><ref refid="multi__uart__common_8h_1e9085c75849e7279a385a7e0565531961a4cbaae11bc6a17abc635e99435befa" kindref="member" tooltip="Mark (always 1) parity bit.">mark</ref><sp/>=<sp/>0x3,<sp/></highlight></codeline>
<codeline lineno="15" refid="multi__uart__common_8h_1e9085c75849e7279a385a7e056553196da1fec8e1a3870378ee50323bf5d338b" refkind="member"><highlight class="normal"><sp/><sp/><sp/><sp/><ref refid="multi__uart__common_8h_1e9085c75849e7279a385a7e056553196da1fec8e1a3870378ee50323bf5d338b" kindref="member" tooltip="Space (always 0) parity bit.">space</ref><sp/>=<sp/>0x4,<sp/></highlight></codeline>
<codeline lineno="16" refid="multi__uart__common_8h_1e9085c75849e7279a385a7e056553196b7e4e0120a041dbe6528b050c04269e0" refkind="member"><highlight class="normal"><sp/><sp/><sp/><sp/><ref refid="multi__uart__common_8h_1e9085c75849e7279a385a7e056553196b7e4e0120a041dbe6528b050c04269e0" kindref="member" tooltip="No parity bit.">none</ref><sp/>=<sp/>0x0<sp/></highlight></codeline>
<codeline lineno="17"><highlight class="normal">}<sp/><ref refid="multi__uart__common_8h_152ca99b1d550bc4e113c5b8f283d9257" kindref="member" tooltip="Define the parity configuration.">e_uart_config_parity</ref>;</highlight></codeline>
<codeline lineno="18"><highlight class="normal"></highlight></codeline>
<codeline lineno="22" refid="multi__uart__common_8h_1a8edf488772773aa64a180e8da4ce2c0" refkind="member"><highlight class="keyword">typedef</highlight><highlight class="normal"><sp/></highlight><highlight class="keyword">enum</highlight><highlight class="normal"><sp/><ref refid="multi__uart__common_8h_1a8edf488772773aa64a180e8da4ce2c0" kindref="member" tooltip="Configure the number of stop bits.">ENUM_UART_CONFIG_STOP_BITS</ref></highlight></codeline>
<codeline lineno="23"><highlight class="normal">{</highlight></codeline>
<codeline lineno="24" refid="multi__uart__common_8h_1a8edf488772773aa64a180e8da4ce2c0561a560ef47b82366c2ae7f36f8ab031" refkind="member"><highlight class="normal"><sp/><sp/><sp/><sp/><ref refid="multi__uart__common_8h_1a8edf488772773aa64a180e8da4ce2c0561a560ef47b82366c2ae7f36f8ab031" kindref="member" tooltip="Single stop bit.">sb_1</ref>,<sp/></highlight></codeline>
<codeline lineno="25" refid="multi__uart__common_8h_1a8edf488772773aa64a180e8da4ce2c002cbb12106a41ecd88b4898a9277acff" refkind="member"><highlight class="normal"><sp/><sp/><sp/><sp/><ref refid="multi__uart__common_8h_1a8edf488772773aa64a180e8da4ce2c002cbb12106a41ecd88b4898a9277acff" kindref="member" tooltip="Two stop bits.">sb_2</ref>,<sp/></highlight></codeline>
<codeline lineno="26"><highlight class="normal">}<sp/><ref refid="multi__uart__common_8h_173324082c0fcf4aaa64b4d73190e9964" kindref="member" tooltip="Configure the number of stop bits.">e_uart_config_stop_bits</ref>;</highlight></codeline>
<codeline lineno="27"><highlight class="normal"></highlight></codeline>
<codeline lineno="31" refid="multi__uart__common_8h_128fb9d89534c9288c4b484d964444808" refkind="member"><highlight class="keyword">typedef</highlight><highlight class="normal"><sp/></highlight><highlight class="keyword">enum</highlight><highlight class="normal"><sp/><ref refid="multi__uart__common_8h_128fb9d89534c9288c4b484d964444808" kindref="member" tooltip="Start bit polarity configuration (currently unused).">ENUM_UART_CONFIG_POLARITY</ref></highlight></codeline>
<codeline lineno="32"><highlight class="normal">{</highlight></codeline>
<codeline lineno="33" refid="multi__uart__common_8h_128fb9d89534c9288c4b484d964444808fabd251296c19f935601bed4e5cf8303" refkind="member"><highlight class="normal"><sp/><sp/><sp/><sp/><ref refid="multi__uart__common_8h_128fb9d89534c9288c4b484d964444808fabd251296c19f935601bed4e5cf8303" kindref="member" tooltip="Start bit is a 1, implies stop bit/idle is a 0.">start_1</ref><sp/>=<sp/>1,<sp/></highlight></codeline>
<codeline lineno="34" refid="multi__uart__common_8h_128fb9d89534c9288c4b484d96444480836cb6a1a9458b3f20b6df74929e97b34" refkind="member"><highlight class="normal"><sp/><sp/><sp/><sp/><ref refid="multi__uart__common_8h_128fb9d89534c9288c4b484d96444480836cb6a1a9458b3f20b6df74929e97b34" kindref="member" tooltip="Start bit is a 0, implies stop bit/idle is a 1.">start_0</ref><sp/>=<sp/>0,<sp/></highlight></codeline>
<codeline lineno="35"><highlight class="normal">}<sp/><ref refid="multi__uart__common_8h_1458b8ab09135fdc3c3997a3f7a67ff41" kindref="member" tooltip="Start bit polarity configuration (currently unused).">e_uart_config_polarity</ref>;<sp/></highlight></codeline>
<codeline lineno="36"><highlight class="normal"></highlight></codeline>
<codeline lineno="37"><highlight class="normal"></highlight><highlight class="preprocessor">#endif<sp/></highlight><highlight class="comment">/*<sp/>__MULTI_UART_COMMON_H__<sp/>*/</highlight><highlight class="normal"></highlight></codeline>
    </programlisting>
    <location file="/scratch/dan/OSS/sc_multi_uart/doc/.doxygen/module_multi_uart/src/multi_uart_common.h"/>
  </compounddef>
</doxygen>
