<?xml version='1.0' encoding='UTF-8' standalone='no'?>
<doxygen xmlns:xsi="http://www.w3.org/2001/XMLSchema-instance" xsi:noNamespaceSchemaLocation="compound.xsd" version="1.5.8">
  <compounddef id="structSTRUCT__MULTI__UART__RX__PORTS" kind="struct" prot="public">
    <compoundname>STRUCT_MULTI_UART_RX_PORTS</compoundname>
    <includes refid="multi__uart__rx_8h" local="no">multi_uart_rx.h</includes>
      <sectiondef kind="public-attrib">
      <memberdef kind="variable" id="structSTRUCT__MULTI__UART__RX__PORTS_1f8be4052c5a0c6f44c621393ca052ddc" prot="public" static="no" mutable="no">
        <type>buffered in</type>
        <definition>buffered in STRUCT_MULTI_UART_RX_PORTS::port</definition>
        <argsstring></argsstring>
        <name>port</name>
        <bitfield>32 pUart</bitfield>
        <briefdescription>
        </briefdescription>
        <detaileddescription>
        </detaileddescription>
        <inbodydescription>
        </inbodydescription>
        <location file="/scratch/dan/OSS/sc_multi_uart/doc/.doxygen/module_multi_uart/src/rx/multi_uart_rx.h" line="30" bodyfile="/scratch/dan/OSS/sc_multi_uart/doc/.doxygen/module_multi_uart/src/rx/multi_uart_rx.h" bodystart="30" bodyend="-1"/>
      </memberdef>
      </sectiondef>
    <briefdescription>
<para>Structure used to hold ports - used to enable extensibility in the future. </para>    </briefdescription>
    <detaileddescription>
    </detaileddescription>
    <location file="/scratch/dan/OSS/sc_multi_uart/doc/.doxygen/module_multi_uart/src/rx/multi_uart_rx.h" line="28" bodyfile="/scratch/dan/OSS/sc_multi_uart/doc/.doxygen/module_multi_uart/src/rx/multi_uart_rx.h" bodystart="27" bodyend="34"/>
    <listofallmembers>
      <member refid="structSTRUCT__MULTI__UART__RX__PORTS_1f8be4052c5a0c6f44c621393ca052ddc" prot="public" virt="non-virtual"><scope>STRUCT_MULTI_UART_RX_PORTS</scope><name>port</name></member>
    </listofallmembers>
  </compounddef>
</doxygen>
